date,Low,High
1/2/1995,21.82857143,31.52857143
1/9/1995,22.15714286,32.07142857
1/16/1995,22.2,32.3
1/23/1995,23.01428571,31.04285714
1/30/1995,20.6,31.68571429
2/6/1995,20.88571429,31.97142857
2/13/1995,23.14285714,32.58571429
2/20/1995,23.01428571,33.27142857
2/27/1995,23.45714286,32.7
3/6/1995,22.98571429,32.88571429
3/13/1995,23.85714286,34.17142857
3/20/1995,24.27142857,33.14285714
3/27/1995,24.82857143,33.74285714
4/3/1995,25.21428571,35.37142857
4/10/1995,25.52857143,34.54285714
4/17/1995,25.74285714,34.34285714
4/24/1995,26.14285714,35.62857143
5/1/1995,26.42857143,36
5/8/1995,25.78571429,32.2
5/15/1995,25.95714286,33.84285714
5/22/1995,25.91428571,32.92857143
5/29/1995,25.28571429,32.41428571
6/5/1995,25.55714286,32.22857143
6/12/1995,25.37142857,31.95714286
6/19/1995,24.88571429,31.02857143
6/26/1995,24.87142857,30.94285714
7/3/1995,24.35714286,30.82857143
7/10/1995,24.02857143,30.05714286
7/17/1995,23.87142857,30.4
7/24/1995,24.21428571,30.48571429
7/31/1995,24.18571429,30.64285714
8/7/1995,24.61428571,31.1
8/14/1995,24.67142857,31.14285714
8/21/1995,24.25714286,28.98571429
8/28/1995,24.45714286,29.57142857
9/4/1995,23.84285714,28.9
9/11/1995,23.94285714,29.4
9/18/1995,24.04285714,29.44285714
9/25/1995,23.71428571,30.25714286
10/2/1995,23.88571429,29.31428571
10/9/1995,24.15714286,29.81428571
10/16/1995,24.12857143,30.75714286
10/23/1995,23.68571429,30.27142857
10/30/1995,23.55714286,29.94285714
11/6/1995,23.82857143,30.18571429
11/13/1995,23.38571429,30.24285714
11/20/1995,22.68571429,28.61428571
11/27/1995,22.08571429,27.82857143
12/4/1995,20.61428571,28.48571429
12/11/1995,21.75714286,28.27142857
12/18/1995,22.34285714,29.48571429
12/25/1995,21.02857143,28.52857143
1/1/1996,19.17142857,28.87142857
1/8/1996,21.5,30.42857143
1/15/1996,20.95714286,30.78571429
1/22/1996,22.9,29.75714286
1/29/1996,22.04285714,29.6
2/5/1996,21.91428571,31.07142857
2/12/1996,23.25714286,32.24285714
2/19/1996,23.02857143,33.14285714
2/26/1996,22.05714286,32.22857143
3/4/1996,21.67142857,33.3
3/11/1996,23.58571429,34.48571429
3/18/1996,24.78571429,34.98571429
3/25/1996,25.38571429,35.45714286
4/1/1996,25.38571429,33.98571429
4/8/1996,25.18571429,32.48571429
4/15/1996,25.12857143,32.84285714
4/22/1996,24.85714286,32.05714286
4/29/1996,25.41428571,32.48571429
5/6/1996,25.54285714,32.65714286
5/13/1996,24.42857143,29.98571429
5/20/1996,24.68571429,31.01428571
5/27/1996,24.9,31.3
6/3/1996,24.77142857,30.88571429
6/10/1996,24.47142857,29.71428571
6/17/1996,24.15714286,29.82857143
6/24/1996,24.47142857,31.28571429
7/1/1996,24.62857143,30.91428571
7/8/1996,24.32857143,30.44285714
7/15/1996,24.3,30.18571429
7/22/1996,24.35714286,30.14285714
7/29/1996,24.58571429,30.47142857
8/5/1996,24.35714286,30.6
8/12/1996,24.15714286,31.48571429
8/19/1996,23.74285714,30.31428571
8/26/1996,23.87142857,30.25714286
9/2/1996,23.55714286,29.24285714
9/9/1996,24.44285714,30.02857143
9/16/1996,24.6,30.77142857
9/23/1996,24.15714286,29.35714286
9/30/1996,23.74285714,29.2
10/7/1996,23.67142857,30.41428571
10/14/1996,23.98571429,30.1
10/21/1996,23.58571429,29.3
10/28/1996,23.45714286,28.77142857
11/4/1996,23.31428571,30.12857143
11/11/1996,23.55714286,29.64285714
11/18/1996,22.61428571,29.64285714
11/25/1996,23.48571429,29.64285714
12/2/1996,23.28571429,28.72857143
12/9/1996,22.12857143,29.05714286
12/16/1996,22.22857143,27.08571429
12/23/1996,20.18571429,27.65714286
12/30/1996,19.84285714,28.2
1/6/1997,19.35714286,28.8
1/13/1997,20.57142857,29.72857143
1/20/1997,20.9,30.41428571
1/27/1997,21.8,31.41428571
2/3/1997,23.28571429,31.54285714
2/10/1997,23.6,30.64285714
2/17/1997,22.58571429,30.85714286
2/24/1997,22.91428571,31.7
3/3/1997,22.3,32.67142857
3/10/1997,23.65714286,32.81428571
3/17/1997,24.25714286,32.84285714
3/24/1997,24.58571429,35.11428571
3/31/1997,24.87142857,34.5
4/7/1997,24.95714286,31.92857143
4/14/1997,24.7,32.38571429
4/21/1997,24.87142857,34.04285714
4/28/1997,25.85714286,34.77142857
5/5/1997,25.97142857,33.9
5/12/1997,25.47142857,32.72857143
5/19/1997,24.9,31.28571429
5/26/1997,25.21428571,30.6
6/2/1997,24.7,30.61428571
6/9/1997,24.68571429,32.3
6/16/1997,25.17142857,32.64285714
6/23/1997,24.52857143,30.27142857
6/30/1997,24.21428571,31.08571429
7/7/1997,24.25714286,30.15714286
7/14/1997,24.08571429,29.67142857
7/21/1997,24.3,29.55714286
7/28/1997,24.54285714,29.14285714
8/4/1997,23.81428571,30.6
8/11/1997,24.61428571,31.44285714
8/18/1997,24.64285714,29.87142857
8/25/1997,24.2,30.72857143
9/1/1997,24.25714286,31.67142857
9/8/1997,24.1,30.94285714
9/15/1997,23.77142857,28.54285714
9/22/1997,24,29.95714286
9/29/1997,23.55714286,29.92857143
10/6/1997,23.72857143,30.47142857
10/13/1997,23.95714286,30.71428571
10/20/1997,23.97142857,30.8
10/27/1997,23.7,29.94285714
11/3/1997,23.14285714,29.67142857
11/10/1997,23.24285714,30.42857143
11/17/1997,23.32857143,30.81428571
11/24/1997,23.22857143,31.18571429
12/1/1997,22.38571429,31.92857143
12/8/1997,23.72857143,31.78571429
12/15/1997,22.75714286,33.3
12/22/1997,22.78571429,32.47142857
12/29/1997,22.27142857,32.67142857
1/5/1998,23.97142857,33.78571429
1/12/1998,23.87142857,33.25714286
1/19/1998,23.94285714,34.17142857
1/26/1998,24.24285714,34.01428571
2/2/1998,24.3,33.94285714
2/9/1998,23.94285714,33.9
2/16/1998,24.22857143,33.98571429
2/23/1998,24.88571429,33.84285714
3/2/1998,24.92857143,35.25714286
3/9/1998,24.94285714,35.04285714
3/16/1998,23.64285714,34.55714286
3/23/1998,25.45714286,36.34285714
3/30/1998,26.15714286,36.58571429
4/6/1998,26.04285714,35.62857143
4/13/1998,26.07142857,34.04285714
4/20/1998,26,33.51428571
4/27/1998,26.22857143,34.28571429
5/4/1998,27.24285714,36.6
5/11/1998,27.08571429,35.38571429
5/18/1998,26.8,33.12857143
5/25/1998,26.44285714,31.74285714
6/1/1998,25.47142857,32.44285714
6/8/1998,25.42857143,31.15714286
6/15/1998,25.45714286,31.57142857
6/22/1998,24.95714286,30.51428571
6/29/1998,24.32857143,30.48571429
7/6/1998,24.77142857,30.98571429
7/13/1998,25.04285714,31.67142857
7/20/1998,24.71428571,31.65714286
7/27/1998,24.47142857,30.74285714
8/3/1998,24.57142857,30.17142857
8/10/1998,24.58571429,31
8/17/1998,24.22857143,30.52857143
8/24/1998,24.92857143,32.3
8/31/1998,24.5,30.55714286
9/7/1998,24.57142857,31.18571429
9/14/1998,24.34285714,29.41428571
9/21/1998,24.02857143,29.35714286
9/28/1998,23.6,29.42857143
10/5/1998,24,29.57142857
10/12/1998,24.1,30.94285714
10/19/1998,23.88571429,29.58571429
10/26/1998,23.88571429,30.14285714
11/2/1998,23.68571429,30.34285714
11/9/1998,22.87142857,27.5
11/16/1998,22.94285714,28.67142857
11/23/1998,22.75714286,28.47142857
11/30/1998,23.28571429,30.08571429
12/7/1998,21.88571429,27.05714286
12/14/1998,21.08571429,27.08571429
12/21/1998,22.74285714,29.12857143
12/28/1998,22.31428571,29.52857143
1/4/1999,20.94285714,28.62857143
1/11/1999,22.68571429,29.5
1/18/1999,22.9,30.8
1/25/1999,22.97142857,30.37142857
2/1/1999,21.78571429,30.28571429
2/8/1999,23.35714286,31.45714286
2/15/1999,22.22857143,31.67142857
2/22/1999,23.34285714,33.41428571
3/1/1999,23.97142857,31.85714286
3/8/1999,24.37142857,33.08571429
3/15/1999,24.68571429,33.62857143
3/22/1999,24.9,33.88571429
3/29/1999,25.18571429,32.8
4/5/1999,24.45714286,31.42857143
4/12/1999,24.77142857,31.31428571
4/19/1999,24.6,31.08571429
4/26/1999,24.37142857,30.7
5/3/1999,24.2,30.9
5/10/1999,24.37142857,30.14285714
5/17/1999,24.07142857,30.37142857
5/24/1999,24.24285714,30.68571429
5/31/1999,24.24285714,28.8
6/7/1999,24.1,30.4
6/14/1999,23.65714286,29.3
6/21/1999,23.45714286,30.7
6/28/1999,23.9,29.95714286
7/5/1999,23.7,30.71428571
7/12/1999,23.94285714,30.01428571
7/19/1999,23.78571429,29.57142857
7/26/1999,24.18571429,29.68571429
8/2/1999,24.21428571,30.27142857
8/9/1999,23.88571429,31.14285714
8/16/1999,24.1,30.6
8/23/1999,23.82857143,29.9
8/30/1999,23.57142857,29.85714286
9/6/1999,23.61428571,30.35714286
9/13/1999,24.12857143,31.04285714
9/20/1999,24.28571429,31.11428571
9/27/1999,23.67142857,30.57142857
10/4/1999,23.8,30.78571429
10/11/1999,23.84285714,30.02857143
10/18/1999,23.44285714,29.01428571
10/25/1999,23.71428571,29.11428571
11/1/1999,23.22857143,27.9
11/8/1999,23.47142857,30.15714286
11/15/1999,22.77142857,29.35714286
11/22/1999,23.15714286,30.17142857
11/29/1999,23.12857143,28.68571429
12/6/1999,21.78571429,27.84285714
12/13/1999,22.71428571,28.58571429
12/20/1999,18.35714286,26.67142857
12/27/1999,21.15714286,29.57142857
1/3/2000,22.84285714,30.35714286
1/10/2000,22.97142857,31.01428571
1/17/2000,22.41428571,30.57142857
1/24/2000,21.94285714,31.22857143
1/31/2000,22.4,31.41428571
2/7/2000,22.47142857,31.17142857
2/14/2000,23.61428571,32.65714286
2/21/2000,24.25714286,32.84285714
2/28/2000,24.01428571,32.7
3/6/2000,24.82857143,32.21428571
3/13/2000,24.4,32.45714286
3/20/2000,23.9,33.75714286
3/27/2000,24.38571429,33.57142857
4/3/2000,25.07142857,33.51428571
4/10/2000,24.8,31.2
4/17/2000,24.28571429,31.31428571
4/24/2000,25.02857143,32.28571429
5/1/2000,24.7,32.41428571
5/8/2000,25,31.65714286
5/15/2000,25.02857143,31.31428571
5/22/2000,25.14285714,31.74285714
5/29/2000,24.31428571,29.44285714
6/5/2000,24.34285714,30.85714286
6/12/2000,24.54285714,30.55714286
6/19/2000,23.8,30.45714286
6/26/2000,23.98571429,30.34285714
7/3/2000,24.34285714,30.3
7/10/2000,23.97142857,29.22857143
7/17/2000,23.7,30.54285714
7/24/2000,23.97142857,30.77142857
7/31/2000,24.14285714,31.02857143
8/7/2000,24.17142857,31.37142857
8/14/2000,23.74285714,29.74285714
8/21/2000,24,29.52857143
8/28/2000,23.87142857,30.3
9/4/2000,24.02857143,30.51428571
9/11/2000,23.68571429,30.05714286
9/18/2000,23.91428571,30.4
9/25/2000,23.97142857,30.81428571
10/2/2000,23.5,29
10/9/2000,23.51428571,27.61428571
10/16/2000,23.72857143,30.1
10/23/2000,23.7,29.9
10/30/2000,22.91428571,28.98571429
11/6/2000,22.4,29.88571429
11/13/2000,23.41428571,29.75714286
11/20/2000,23.31428571,29.51428571
11/27/2000,23.05714286,29.87142857
12/4/2000,22.64285714,28.47142857
12/11/2000,23.15714286,29.78571429
12/18/2000,22.71428571,29.74285714
12/25/2000,22.5,29.2
1/1/2001,21.58571429,28.94285714
1/8/2001,22.82857143,29.52857143
1/15/2001,22.21428571,29.02857143
1/22/2001,22.6,31.21428571
1/29/2001,22.52857143,31.12857143
2/5/2001,22.98571429,32.01428571
2/12/2001,22.3,30.94285714
2/19/2001,23.17142857,31.35714286
2/26/2001,23,33.71428571
3/5/2001,24.97142857,34.42857143
3/12/2001,24.55714286,33.17142857
3/19/2001,24.37142857,30.58571429
3/26/2001,24.31428571,31.07142857
4/2/2001,24.42857143,32.05714286
4/9/2001,24.85714286,33.71428571
4/16/2001,25.6,33.92857143
4/23/2001,25.42857143,32.22857143
4/30/2001,25.35714286,32.77142857
5/7/2001,26.21428571,34.88571429
5/14/2001,24.78571429,30.82857143
5/21/2001,25.05714286,31.5
5/28/2001,24.62857143,31.18571429
6/4/2001,24.61428571,31.18571429
6/11/2001,24.65714286,31.51428571
6/18/2001,24.45714286,30.05714286
6/25/2001,24.08571429,29.37142857
7/2/2001,24.22857143,29.17142857
7/9/2001,24.25714286,31.08571429
7/16/2001,24.41428571,30.91428571
7/23/2001,24.18571429,31.48571429
7/30/2001,24.22857143,31.05714286
8/6/2001,24.27142857,29.71428571
8/13/2001,23.95714286,29.11428571
8/20/2001,24.37142857,30.24285714
8/27/2001,24.74285714,30.72857143
9/3/2001,24.08571429,31.4
9/10/2001,24.08571429,30.87142857
9/17/2001,24.3,31.15714286
9/24/2001,23.98571429,30.17142857
10/1/2001,24.05714286,29.98571429
10/8/2001,23.88571429,30.04285714
10/15/2001,24.02857143,30.12857143
10/22/2001,23.82857143,29.57142857
10/29/2001,23.87142857,29.71428571
11/5/2001,23.01428571,29.98571429
11/12/2001,21.74285714,28.98571429
11/19/2001,21.07142857,28.72857143
11/26/2001,21.97142857,30.21428571
12/3/2001,22.61428571,30.84285714
12/10/2001,23.35714286,30.54285714
12/17/2001,22.65714286,31.91428571
12/24/2001,22.04285714,30.55714286
12/31/2001,20.62857143,30.74285714
1/7/2002,20.68571429,31.35714286
1/14/2002,23.25714286,33.21428571
1/21/2002,23.01428571,33.68571429
1/28/2002,22.5,33.35714286
2/4/2002,21.71428571,32.95714286
2/11/2002,22.34285714,33.18571429
2/18/2002,23.48571429,33.72857143
2/25/2002,23.4,34.32857143
3/4/2002,23.6,33.74285714
3/11/2002,23.94285714,34.48571429
3/18/2002,24.77142857,34.97142857
3/25/2002,25.45714286,34.65714286
4/1/2002,25.02857143,35.2
4/8/2002,25.42857143,34.77142857
4/15/2002,26,35.2
4/22/2002,26.3,35.4
4/29/2002,27.07142857,37.38571429
5/6/2002,26.51428571,35.22857143
5/13/2002,25.84285714,34.1
5/20/2002,26.1,33.88571429
5/27/2002,25.17142857,32.82857143
6/3/2002,25.44285714,32.28571429
6/10/2002,24.88571429,31.6
6/17/2002,24.62857143,29.35714286
6/24/2002,24.54285714,30.97142857
7/1/2002,25.57142857,31.27142857
7/8/2002,25.47142857,31.67142857
7/15/2002,24.41428571,31.45714286
7/22/2002,25.05714286,31.92857143
7/29/2002,24.5,31.2
8/5/2002,24.41428571,30.91428571
8/12/2002,24.24285714,27.81428571
8/19/2002,23.92857143,29.77142857
8/26/2002,24.01428571,31.1
9/2/2002,24.64285714,31.1
9/9/2002,23.7,29.78571429
9/16/2002,23.95714286,29.82857143
9/23/2002,24.1,30.65714286
9/30/2002,23.95714286,30.57142857
10/7/2002,23.72857143,30.1
10/14/2002,24.41428571,30.91428571
10/21/2002,23.78571429,29.81428571
10/28/2002,23.64285714,30.31428571
11/4/2002,22.8,29.2
11/11/2002,24,30.41428571
11/18/2002,23.85714286,30
11/25/2002,23.35714286,29.5
12/2/2002,23.64285714,30.3
12/9/2002,23.02857143,29.88571429
12/16/2002,23.5,30.95714286
12/23/2002,23.71428571,30.18571429
12/30/2002,22.54285714,29.41428571
1/6/2003,21.38571429,29.98571429
1/13/2003,21.72857143,31.21428571
1/20/2003,21.35714286,31.21428571
1/27/2003,22.67142857,32.47142857
2/3/2003,21.92857143,31.97142857
2/10/2003,24.58571429,33.94285714
2/17/2003,23.97142857,33.44285714
2/24/2003,24.1,33.45714286
3/3/2003,24.7,34.17142857
3/10/2003,24.97142857,34.5
3/17/2003,24.92857143,34.45714286
3/24/2003,25.7,35.25714286
3/31/2003,25.91428571,34.58571429
4/7/2003,25.32857143,35.68571429
4/14/2003,26.08571429,35.2
4/21/2003,26.21428571,35.17142857
4/28/2003,26.97142857,35.17142857
5/5/2003,26.02857143,32.17142857
5/12/2003,24.62857143,30
5/19/2003,25.28571429,31.05714286
5/26/2003,25,29.77142857
6/2/2003,24.41428571,31.3
6/9/2003,25.17142857,31.74285714
6/16/2003,24.78571429,30.24285714
6/23/2003,24.35714286,30.98571429
6/30/2003,23.97142857,29.51428571
7/7/2003,24.21428571,30.61428571
7/14/2003,24.65714286,31.18571429
7/21/2003,24.17142857,29.67142857
7/28/2003,24.41428571,30.47142857
8/4/2003,24.44285714,30.48571429
8/11/2003,24.52857143,30.84285714
8/18/2003,24.11428571,30.25714286
8/25/2003,24.15714286,30.81428571
9/1/2003,24.12857143,30.5
9/8/2003,24.08571429,29.57142857
9/15/2003,23.91428571,30.25714286
9/22/2003,23.78571429,30.32857143
9/29/2003,24.25714286,29.77142857
10/6/2003,24.04285714,30.44285714
10/13/2003,23.74285714,28.47142857
10/20/2003,23.34285714,28.64285714
10/27/2003,23.08571429,30.12857143
11/3/2003,23.62857143,30.72857143
11/10/2003,23.71428571,30.14285714
11/17/2003,23.5,30.55714286
11/24/2003,22.84285714,30.68571429
12/1/2003,21.48571429,30.7
12/8/2003,22.82857143,31.02857143
12/15/2003,21.44285714,29.01428571
12/22/2003,21.02857143,30.27142857
12/29/2003,22.92857143,31.48571429
1/5/2004,23.51428571,32.54285714
1/12/2004,23.08571429,32.35714286
1/19/2004,22.34285714,31.9
1/26/2004,23.07142857,32.58571429
2/2/2004,23.28571429,32.62857143
2/9/2004,22.15714286,31.35714286
2/16/2004,22.04285714,32.18571429
2/23/2004,23.05714286,32.5
3/1/2004,24.07142857,33.54285714
3/8/2004,24.01428571,33.91428571
3/15/2004,24.17142857,33.44285714
3/22/2004,25.18571429,33.24285714
3/29/2004,25.07142857,34.72857143
4/5/2004,25.74285714,34.35714286
4/12/2004,26.34285714,34.62857143
4/19/2004,26.22857143,35.14285714
4/26/2004,26.6,35.64285714
5/3/2004,26.22857143,34.41428571
5/10/2004,26.01428571,33.47142857
5/17/2004,25.04285714,31.45714286
5/24/2004,24.84285714,31.57142857
5/31/2004,24.32857143,31.02857143
6/7/2004,24.51428571,29.45714286
6/14/2004,24.34285714,30.3
6/21/2004,25.02857143,31.22857143
6/28/2004,24.95714286,30.81428571
7/5/2004,24.42857143,31.21428571
7/12/2004,24.21428571,30.94285714
7/19/2004,24.04285714,30.1
7/26/2004,24.07142857,28.84285714
8/2/2004,23.67142857,29.9
8/9/2004,24.21428571,30
8/16/2004,24.41428571,29.71428571
8/23/2004,24.77142857,30.6
8/30/2004,24,31.35714286
9/6/2004,24.02857143,30.9
9/13/2004,23.78571429,29.92857143
9/20/2004,24.24285714,30.84285714
9/27/2004,24.01428571,29.61428571
10/4/2004,23.41428571,29.27142857
10/11/2004,23.42857143,30.11428571
10/18/2004,23.22857143,30.5
10/25/2004,23.62857143,31.21428571
11/1/2004,24.11428571,31.15714286
11/8/2004,24.15714286,31.02857143
11/15/2004,23.37142857,30.82857143
11/22/2004,23.35714286,31.25714286
11/29/2004,23.45714286,31.25714286
12/6/2004,23.14285714,31.58571429
12/13/2004,22.05714286,31.62857143
12/20/2004,20.41428571,31.1
12/27/2004,21.68571429,31.24285714
1/3/2005,21.42857143,31.02857143
1/10/2005,22.2,31.22857143
1/17/2005,21.34285714,32.17142857
1/24/2005,22.1,31.21428571
1/31/2005,22.31428571,32.17142857
2/7/2005,23.64285714,33.67142857
2/14/2005,23.87142857,33.32857143
2/21/2005,23.1,33.77142857
2/28/2005,23.74285714,32.77142857
3/7/2005,22.61428571,33.12857143
3/14/2005,24.41428571,34.31428571
3/21/2005,25.3,35.02857143
3/28/2005,25.41428571,34.97142857
4/4/2005,25.75714286,34.52857143
4/11/2005,25.4,34.78571429
4/18/2005,26.25714286,34.98571429
4/25/2005,25.55714286,32.68571429
5/2/2005,26.3,34.9
5/9/2005,25.38571429,31.1
5/16/2005,25.07142857,31.34285714
5/23/2005,25.14285714,32.25714286
5/30/2005,25.2,31.27142857
6/6/2005,25.04285714,31.3
6/13/2005,25.3,31.85714286
6/20/2005,24.71428571,31.25714286
6/27/2005,24.31428571,30.27142857
7/4/2005,23.95714286,29.7
7/11/2005,24.55714286,30.88571429
7/18/2005,24.42857143,30.05714286
7/25/2005,24.48571429,29.28571429
8/1/2005,24.47142857,30.61428571
8/8/2005,24.58571429,30.17142857
8/15/2005,24.22857143,30.98571429
8/22/2005,24.52857143,31.28571429
8/29/2005,24.27142857,30.74285714
9/5/2005,24.24285714,30.05714286
9/12/2005,23.9,29.38571429
9/19/2005,24,30.72857143
9/26/2005,24.04285714,30.52857143
10/3/2005,24.31428571,30.51428571
10/10/2005,24.15714286,30.4
10/17/2005,23.72857143,29.15714286
10/24/2005,23.68571429,30.58571429
10/31/2005,23.98571429,29.67142857
11/7/2005,23.94285714,29.88571429
11/14/2005,23.64285714,29.84285714
11/21/2005,22.25714286,29.77142857
11/28/2005,23.17142857,29.27142857
12/5/2005,22.67142857,28.31428571
12/12/2005,22.25714286,27.62857143
12/19/2005,20.48571429,26.5
12/26/2005,22.52857143,29.1
1/2/2006,22.21428571,29.05714286
1/9/2006,21.34285714,29.58571429
1/16/2006,22.82857143,30.32857143
1/23/2006,21.8,30.17142857
1/30/2006,23,31.8
2/6/2006,23.18571429,31.68571429
2/13/2006,23.91428571,33.04285714
2/20/2006,24.41428571,33.64285714
2/27/2006,23.88571429,32.25714286
3/6/2006,23.54285714,33.02857143
3/13/2006,24.22857143,32.55714286
3/20/2006,24.8,34.41428571
3/27/2006,25.25714286,33.74285714
4/3/2006,25.34285714,32.7
4/10/2006,25,33.08571429
4/17/2006,25.31428571,33.84285714
4/24/2006,25.3,32.91428571
5/1/2006,25.11428571,31.87142857
5/8/2006,25.2,32.78571429
5/15/2006,24.78571429,31.57142857
5/22/2006,24.34285714,30.84285714
5/29/2006,24.82857143,31.41428571
6/5/2006,24.38571429,31.44285714
6/12/2006,24.58571429,30.71428571
6/19/2006,24.48571429,30.05714286
6/26/2006,24.38571429,28.38571429
7/3/2006,24.22857143,29.87142857
7/10/2006,24.57142857,30.54285714
7/17/2006,24.31428571,30.37142857
7/24/2006,24.44285714,30.81428571
7/31/2006,23.88571429,29.44285714
8/7/2006,24.52857143,30.1
8/14/2006,24.1,30.18571429
8/21/2006,24.24285714,30.87142857
8/28/2006,23.77142857,30.45714286
9/4/2006,24.35714286,31.37142857
9/11/2006,24.07142857,30.37142857
9/18/2006,23.64285714,29.48571429
9/25/2006,23.85714286,28.97142857
10/2/2006,23.97142857,29.55714286
10/9/2006,23.57142857,29.52857143
10/16/2006,24.05714286,30.6
10/23/2006,23.84285714,30.74285714
10/30/2006,23.78571429,30.27142857
11/6/2006,23.5,30.48571429
11/13/2006,23.52857143,31.44285714
11/20/2006,23.75714286,31.74285714
11/27/2006,23.65714286,33.08571429
12/4/2006,23.8,31.55714286
12/11/2006,23.8,32.05714286
12/18/2006,22.02857143,31.94285714
12/25/2006,22.51428571,31.44285714
1/1/2007,23.87142857,29.27142857
1/8/2007,23,30.1
1/15/2007,23.84285714,31.44285714
1/22/2007,22.54285714,32.25714286
1/29/2007,19.68571429,29.92857143
2/5/2007,21.98571429,32.97142857
2/12/2007,22.25714286,32.78571429
2/19/2007,23.87142857,33.31428571
2/26/2007,23.94285714,33.07142857
3/5/2007,24.47142857,33.42857143
3/12/2007,25.01428571,34
3/19/2007,24.42857143,31.8
3/26/2007,24.14285714,32.68571429
4/2/2007,25.1,34.98571429
4/9/2007,25.45714286,33.75714286
4/16/2007,25.87142857,34.47142857
4/23/2007,25.94285714,33.45714286
4/30/2007,25.21428571,32.55714286
5/7/2007,24.71428571,29.71428571
5/14/2007,24.51428571,30.35714286
5/21/2007,25.18571429,31.78571429
5/28/2007,24.77142857,31.07142857
6/4/2007,25,31.75714286
6/11/2007,25.42857143,31.8
6/18/2007,24.72857143,29.82857143
6/25/2007,24.62857143,30.01428571
7/2/2007,24.37142857,29.3
7/9/2007,24.6,29.51428571
7/16/2007,24.51428571,30.98571429
7/23/2007,24.22857143,30.51428571
7/30/2007,24.22857143,28.67142857
8/6/2007,24.4,30.1
8/13/2007,24.62857143,30.44285714
8/20/2007,24.04285714,30.77142857
8/27/2007,23.95714286,30.37142857
9/3/2007,24.22857143,31.77142857
9/10/2007,24.51428571,30.98571429
9/17/2007,23.84285714,28.84285714
9/24/2007,24,29.28571429
10/1/2007,24.07142857,29.68571429
10/8/2007,23.65714286,29.64285714
10/15/2007,23.35714286,30.07142857
10/22/2007,23.75714286,29.05714286
10/29/2007,22.14285714,28.48571429
11/5/2007,22.92857143,29.1
11/12/2007,22.8,29.52857143
11/19/2007,22.37142857,28.21428571
11/26/2007,20.12857143,28.1
12/3/2007,21.81428571,30.48571429
12/10/2007,23.82857143,31.64285714
12/17/2007,23.77142857,32.08571429
12/24/2007,23.02857143,30.77142857
12/31/2007,21.85714286,29.27142857
1/7/2008,22.58571429,31.92857143
1/14/2008,22.9,32.15714286
1/21/2008,22.94285714,32.42857143
1/28/2008,23.51428571,33.77142857
2/4/2008,22.74285714,33.3
2/11/2008,22.3,33.22857143
2/18/2008,23.04285714,32.18571429
2/25/2008,23.41428571,32.44285714
3/3/2008,23.45714286,32.25714286
3/10/2008,23.24285714,32.82857143
3/17/2008,24.17142857,33.14285714
3/24/2008,24.45714286,33.35714286
3/31/2008,25.08571429,33.34285714
4/7/2008,24.78571429,34.9
4/14/2008,25.48571429,33.54285714
4/21/2008,25.51428571,34.64285714
4/28/2008,24.75714286,30.72857143
5/5/2008,24.72857143,30.98571429
5/12/2008,24.07142857,29.42857143
5/19/2008,24.2,30.61428571
5/26/2008,24.58571429,31.47142857
6/2/2008,24.78571429,30.98571429
6/9/2008,24.38571429,28.87142857
6/16/2008,24.31428571,31.04285714
6/23/2008,24.61428571,30.41428571
6/30/2008,24.37142857,30.32857143
7/7/2008,24,30.72857143
7/14/2008,24.3,31.1
7/21/2008,24.3,30.48571429
7/28/2008,24.14285714,30.24285714
8/4/2008,24.1,29.81428571
8/11/2008,23.97142857,29.98571429
8/18/2008,23.81428571,30.14285714
8/25/2008,24.31428571,31.11428571
9/1/2008,24.31428571,30.74285714
9/8/2008,23.71428571,29.22857143
9/15/2008,23.52857143,29.9
9/22/2008,24.45714286,30.41428571
9/29/2008,23.78571429,30.51428571
10/6/2008,23.98571429,30.67142857
10/13/2008,24.34285714,30.51428571
10/20/2008,24.2,29.78571429
10/27/2008,23.6,28.95714286
11/3/2008,23.61428571,29.51428571
11/10/2008,22.22857143,28.74285714
11/17/2008,23.25714286,29.7
11/24/2008,22.42857143,27.97142857
12/1/2008,21.67142857,28.87142857
12/8/2008,21.97142857,29.34285714
12/15/2008,21.48571429,29.22857143
12/22/2008,22.57142857,29.62857143
12/29/2008,22.68571429,27.85714286
1/5/2009,20.34285714,27.85714286
1/12/2009,19.15714286,28.3
1/19/2009,21.35714286,30.07142857
1/26/2009,20.85714286,30.75714286
2/2/2009,21.12857143,30.82857143
2/9/2009,22.97142857,29.84285714
2/16/2009,23.52857143,32
2/23/2009,24.05714286,32.87142857
3/2/2009,24.55714286,32.75714286
3/9/2009,24.42857143,33.5
3/16/2009,24.9,33.57142857
3/23/2009,25.3,34.94285714
3/30/2009,25.18571429,34.02857143
4/6/2009,24.8,32.12857143
4/13/2009,25.95714286,33.94285714
4/20/2009,25.7,32.61428571
4/27/2009,24.27142857,30.37142857
5/4/2009,24.31428571,30.34285714
5/11/2009,24.88571429,30.85714286
5/18/2009,24.65714286,31.24285714
5/25/2009,24.65714286,30.48571429
6/1/2009,24.78571429,30.61428571
6/8/2009,24.54285714,31.64285714
6/15/2009,24.68571429,30.14285714
6/22/2009,24.65714286,31.42857143
6/29/2009,24.52857143,30.85714286
7/6/2009,24.65714286,31.22857143
7/13/2009,24.48571429,29.32857143
7/20/2009,24.25714286,30.07142857
7/27/2009,24.91428571,29.87142857
8/3/2009,25.32857143,30.78571429
8/10/2009,25.11428571,31.58571429
8/17/2009,24.62857143,31.34285714
8/24/2009,24.44285714,30.47142857
8/31/2009,24.25714286,29.74285714
9/7/2009,24.15714286,29.12857143
9/14/2009,24.11428571,30.75714286
9/21/2009,24.37142857,29.85714286
9/28/2009,24.55714286,30.18571429
10/5/2009,23.85714286,28.71428571
10/12/2009,23.68571429,30.82857143
10/19/2009,24,30.2
10/26/2009,23.2,30.27142857
11/2/2009,23.6,30.55714286
11/9/2009,24.24285714,31
11/16/2009,23.34285714,30.1
11/23/2009,23.32857143,29.88571429
11/30/2009,22.98571429,30.32857143
12/7/2009,21.87142857,31.55714286
12/14/2009,23.54285714,30.84285714
12/21/2009,22.75714286,31.45714286
12/28/2009,22.58571429,32.24285714
1/4/2010,23.32857143,32.35714286
1/11/2010,22.55714286,31.34285714
1/18/2010,22.5,28.82857143
1/25/2010,22.95714286,30.38571429
2/1/2010,22.82857143,31.87142857
2/8/2010,22.92857143,33.44285714
2/15/2010,23.8,33.75714286
2/22/2010,23.7,33.65714286
3/1/2010,24.67142857,33.14285714
3/8/2010,24.28571429,33.85714286
3/15/2010,24.27142857,35.2
3/22/2010,25.55714286,34.15714286
3/29/2010,25.38571429,33.65714286
4/5/2010,25.62857143,35.25714286
4/12/2010,26.27142857,35.32857143
4/19/2010,26.62857143,34.85714286
4/26/2010,26.45714286,34.62857143
5/3/2010,26.77142857,34.5
5/10/2010,27.55714286,36.07142857
5/17/2010,26.95714286,35.74285714
5/24/2010,26.45714286,33.3
5/31/2010,26.1,32.54285714
6/7/2010,25.72857143,31.97142857
6/14/2010,25.34285714,31.08571429
6/21/2010,24.75714286,30.67142857
6/28/2010,24.91428571,30.61428571
7/5/2010,25,31.2
7/12/2010,24.85714286,30.81428571
7/19/2010,24.67142857,30.45714286
7/26/2010,24.4,29.95714286
8/2/2010,24.61428571,30.47142857
8/9/2010,24.44285714,30.62857143
8/16/2010,24.61428571,30.38571429
8/23/2010,24.35714286,30.6
8/30/2010,24.47142857,30.8
9/6/2010,24.38571429,30.98571429
9/13/2010,24.11428571,30.41428571
9/20/2010,24.87142857,31.48571429
9/27/2010,24.24285714,29.88571429
10/4/2010,24.37142857,30.75714286
10/11/2010,23.68571429,28.1
10/18/2010,23.52857143,30.17142857
10/25/2010,23.04285714,28.35714286
11/1/2010,22.85714286,29.28571429
11/8/2010,23.45714286,29.61428571
11/15/2010,23.2,29.37142857
11/22/2010,23.38571429,29.28571429
11/29/2010,23.44285714,29.51428571
12/6/2010,22.81428571,29.27142857
12/13/2010,22.61428571,28.97142857
12/20/2010,22.32857143,29.42857143
12/27/2010,22.37142857,28.8
1/3/2011,21.94285714,28.25714286
1/10/2011,21.67142857,29.24285714
1/17/2011,21.75714286,29.37142857
1/24/2011,22.3,30.94285714
1/31/2011,21.91428571,31.7
2/7/2011,21.62857143,31.71428571
2/14/2011,23.5,32.84285714
2/21/2011,23.34285714,32.97142857
2/28/2011,24.2,32.78571429
3/7/2011,24.35714286,34.15714286
3/14/2011,24.45714286,32.6
3/21/2011,24.12857143,29.62857143
3/28/2011,23.28571429,30.72857143
4/4/2011,23.64285714,32.27142857
4/11/2011,24.3,33.32857143
4/18/2011,24.91428571,33
4/25/2011,25.75714286,33.88571429
5/2/2011,25.6,32.72857143
5/9/2011,25.55714286,31.92857143
5/16/2011,24.74285714,31.75714286
5/23/2011,24.95714286,30.75714286
5/30/2011,24.8,30.75714286
6/6/2011,24.81428571,31.15714286
6/13/2011,24.68571429,29.67142857
6/20/2011,24.75714286,30.75714286
6/27/2011,24.25714286,30.72857143
7/4/2011,24.41428571,31.05714286
7/11/2011,24.5,30.6
7/18/2011,24.51428571,30.97142857
7/25/2011,24.1,29.71428571
8/1/2011,24.47142857,31.22857143
8/8/2011,24.05714286,30.68571429
8/15/2011,23.88571429,31.01428571
8/22/2011,24.52857143,29.9
8/29/2011,24.17142857,30.31428571
9/5/2011,24.25714286,29.1
9/12/2011,24.08571429,30.92857143
9/19/2011,23.85714286,29.08571429
9/26/2011,24.01428571,29.84285714
10/3/2011,23.7,29.52857143
10/10/2011,23.75714286,30.14285714
10/17/2011,23.57142857,30.51428571
10/24/2011,23.75714286,31.05714286
10/31/2011,23.92857143,30.6
11/7/2011,23.48571429,29.54285714
11/14/2011,23.72857143,30.2
11/21/2011,23.92857143,30.44285714
11/28/2011,23.17142857,30.17142857
12/5/2011,22.77142857,28.48571429
12/12/2011,21.9,29.11428571
12/19/2011,22.32857143,29.51428571
12/26/2011,22.51428571,29.27142857
1/2/2012,22.32857143,30.91428571
1/9/2012,23.17142857,30.3
1/16/2012,23.14285714,30.92857143
1/23/2012,22.98571429,31.81428571
1/30/2012,23.51428571,31.9
2/6/2012,23.17142857,33.2
2/13/2012,23.38571429,32.07142857
2/20/2012,23.52857143,31.65714286
2/27/2012,23.98571429,33.88571429
3/5/2012,25.02857143,34.21428571
3/12/2012,25.01428571,35.22857143
3/19/2012,24.8,32.25714286
3/26/2012,24.15714286,31.67142857
4/2/2012,23.7,30.97142857
4/9/2012,24.51428571,31.47142857
4/16/2012,25.22857143,32.4
4/23/2012,25.4,32.72857143
4/30/2012,25.34285714,31.92857143
5/7/2012,24.7,31.48571429
5/14/2012,24.75714286,30.85714286
5/21/2012,25.15714286,31.28571429
5/28/2012,24.72857143,31.2
6/4/2012,24.94285714,30.21428571
6/11/2012,24.85714286,30.47142857
6/18/2012,24.82857143,30.74285714
6/25/2012,24.28571429,30.51428571
7/2/2012,24.25714286,29.45714286
7/9/2012,24.04285714,30.61428571
7/16/2012,24.64285714,30.85714286
7/23/2012,24.6,30.71428571
7/30/2012,24.31428571,30.32857143
8/6/2012,24.54285714,31.52857143
8/13/2012,24.54285714,30.72857143
8/20/2012,24.2,29.97142857
8/27/2012,24.35714286,30.45714286
9/3/2012,23.81428571,29.7
9/10/2012,23.72857143,28.32857143
9/17/2012,23.77142857,30.02857143
9/24/2012,23.71428571,28.62857143
10/1/2012,23.61428571,28.75714286
10/8/2012,23.47142857,30.12857143
10/15/2012,23.6,30.94285714
10/22/2012,24.04285714,30.64285714
10/29/2012,24.2,30.95714286
11/5/2012,24.02857143,31.21428571
11/12/2012,23.75714286,29.08571429
11/19/2012,24,29.9
11/26/2012,23.02857143,30.87142857
12/3/2012,23.15714286,30.47142857
12/10/2012,23.7,31.55714286
12/17/2012,23.67142857,33.3
12/24/2012,24.24285714,32.42857143
12/31/2012,23.58571429,30.5
1/7/2013,23.08571429,29.61428571
1/14/2013,21.22857143,30.7
1/21/2013,22.5,32.22857143
1/28/2013,23.1,33.58571429
2/4/2013,24.25714286,34.31428571
2/11/2013,23.8,34.71428571
2/18/2013,23.2,32.38571429
2/25/2013,24.17142857,34.21428571
3/4/2013,24.1,34.64285714
3/11/2013,24.92857143,34.21428571
3/18/2013,25.12857143,34.67142857
3/25/2013,26.2,34.18571429
4/1/2013,27.14285714,35.92857143
4/8/2013,25.77142857,32.51428571
4/15/2013,25.5,32.78571429
4/22/2013,25.32857143,32.21428571
4/29/2013,25.74285714,32.44285714
5/6/2013,25.81428571,32.1
5/13/2013,25.94285714,32.27142857
5/20/2013,25.22857143,32.01428571
5/27/2013,24.98571429,30.97142857
6/3/2013,25.1,30.64285714
6/10/2013,24.9,29.47142857
6/17/2013,24.85714286,29.72857143
6/24/2013,24.61428571,31.35714286
7/1/2013,24.57142857,30.45714286
7/8/2013,24.34285714,30.84285714
7/15/2013,24.08571429,29.28571429
7/22/2013,24.14285714,29.81428571
7/29/2013,24.07142857,29.9
8/5/2013,23.98571429,29.8
8/12/2013,23.98571429,30.47142857
8/19/2013,24.65714286,30.61428571
8/26/2013,24.1,30.94285714
9/2/2013,24.51428571,31.27142857
9/9/2013,24.1,29.65714286
9/16/2013,24.17142857,29.7
9/23/2013,24.37142857,29.71428571
9/30/2013,23.75714286,29.87142857
10/7/2013,23.5,30.05714286
10/14/2013,23.95714286,30.38571429
10/21/2013,23.27142857,30.38571429
10/28/2013,23.55714286,30.71428571
11/4/2013,23.45714286,30.35714286
11/11/2013,23.78571429,29.8
11/18/2013,23.17142857,29.4
11/25/2013,23.14285714,29.67142857
12/2/2013,21.97142857,29.02857143
12/9/2013,22.81428571,30.35714286
12/16/2013,22.85714286,28.75714286
12/23/2013,21.14285714,29.07142857
12/30/2013,21.75714286,30.48571429
1/6/2014,22.87142857,30.81428571
1/13/2014,20.24285714,29.82857143
1/20/2014,19.24285714,29.52857143
1/27/2014,20.12857143,30.41428571
2/3/2014,21.2,30.97142857
2/10/2014,22.42857143,32.22857143
2/17/2014,22.55714286,31.95714286
2/24/2014,21.74285714,32.51428571
3/3/2014,22.72857143,32.84285714
3/10/2014,24.38571429,35.37142857
3/17/2014,24.67142857,34.05714286
3/24/2014,25.55714286,34.51428571
3/31/2014,25.47142857,33.92857143
4/7/2014,25.25714286,32.25714286
4/14/2014,25.51428571,33.58571429
4/21/2014,26.38571429,35.18571429
4/28/2014,25.58571429,32.48571429
5/5/2014,26.02857143,33.9
5/12/2014,26,34.02857143
5/19/2014,25.75714286,33.04285714
5/26/2014,25.87142857,32.72857143
6/2/2014,25.44285714,32.07142857
6/9/2014,25.77142857,31.32857143
6/16/2014,25.2,30.48571429
6/23/2014,24.95714286,30.51428571
6/30/2014,25.08571429,30.95714286
7/7/2014,24.97142857,30.07142857
7/14/2014,24.17142857,30.32857143
7/21/2014,24.08571429,29.04285714
7/28/2014,24.47142857,30.11428571
8/4/2014,24.14285714,30.41428571
8/11/2014,24.47142857,31.87142857
8/18/2014,24.51428571,31.25714286
8/25/2014,23.82857143,29.47142857
9/1/2014,23.98571429,30.07142857
9/8/2014,23.82857143,29.67142857
9/15/2014,24.17142857,30.7
9/22/2014,24.31428571,31.32857143
9/29/2014,24.17142857,30.9
10/6/2014,23.97142857,29.42857143
10/13/2014,24,30.25714286
10/20/2014,23.82857143,29.98571429
10/27/2014,24.1,30.37142857
11/3/2014,24.08571429,30.54285714
11/10/2014,23.64285714,30.54285714
11/17/2014,23.62857143,30.28571429
11/24/2014,24.2,30.71428571
12/1/2014,23.91428571,29.61428571
12/8/2014,22.95714286,29.54285714
12/15/2014,22.38571429,28.88571429
12/22/2014,23.21428571,30.52857143
12/29/2014,21.58571429,29.11428571
1/5/2015,22.9,30.31428571
1/12/2015,21.12857143,30.68571429
1/19/2015,20.42857143,30.68571429
1/26/2015,20.68571429,31.7
2/2/2015,21.08571429,31.85714286
2/9/2015,20.48571429,30.9
2/16/2015,23.02857143,32.55714286
2/23/2015,23.64285714,32.52857143
3/2/2015,23.91428571,33.2
3/9/2015,24.01428571,33.84285714
3/16/2015,23.91428571,32.98571429
3/23/2015,25.2,35.18571429
3/30/2015,25.72857143,34.44285714
4/6/2015,25.41428571,34.74285714
4/13/2015,24.54285714,32.32857143
4/20/2015,25.54285714,34.14285714
4/27/2015,26.21428571,33.92857143
5/4/2015,26.5,34.02857143
5/11/2015,26.18571429,33.54285714
5/18/2015,26.57142857,34.54285714
5/25/2015,25.6,32.64285714
6/1/2015,25.8,33.2
6/8/2015,25.75714286,33.41428571
6/15/2015,24.81428571,29.91428571
6/22/2015,24.72857143,30.58571429
6/29/2015,25.75714286,32.04285714
7/6/2015,25.4,30.7
7/13/2015,24.95714286,30.65714286
7/20/2015,24.77142857,31.18571429
7/27/2015,24.44285714,30.6
8/3/2015,24.51428571,29.91428571
8/10/2015,24.55714286,31.01428571
8/17/2015,25.08571429,31.82857143
8/24/2015,24.64285714,31.11428571
8/31/2015,24.71428571,31.65714286
9/7/2015,24.48571429,30.04285714
9/14/2015,24.12857143,29.85714286
9/21/2015,24.52857143,30.8
9/28/2015,24.58571429,30.94285714
10/5/2015,24.2,30.85714286
10/12/2015,24.12857143,30.18571429
10/19/2015,24.14285714,30.31428571
10/26/2015,24.4,31.37142857
11/2/2015,24.1,29.91428571
11/9/2015,24.1,30.91428571
11/16/2015,24.1,31
11/23/2015,24.27142857,31.01428571
11/30/2015,24,31.35714286
12/7/2015,24.51428571,31.04285714
12/14/2015,22.67142857,30.6
12/21/2015,23.22857143,30.38571429
12/28/2015,21.81428571,31.57142857
1/4/2016,23.81428571,32.18571429
1/11/2016,23.9,33.02857143
1/18/2016,24.17142857,34.07142857
1/25/2016,24.04285714,33.08571429
2/1/2016,24.45714286,33.27142857
2/8/2016,22.55714286,32.75714286
2/15/2016,23.05714286,33.48571429
2/22/2016,23.97142857,33.51428571
2/29/2016,23.84285714,33.52857143
3/7/2016,24.32857143,33.9
3/14/2016,24.18571429,33.41428571
3/21/2016,24.88571429,34.28571429
3/28/2016,24.5,34.67142857
4/4/2016,25.21428571,34.17142857
4/11/2016,26.35714286,35.64285714
4/18/2016,26.41428571,35.6
4/25/2016,27.07142857,34.74285714
5/2/2016,27.14285714,35.3
5/9/2016,27.7,36.05714286
5/16/2016,26.67142857,32.52857143
5/23/2016,25.54285714,30.88571429
5/30/2016,25.31428571,31.52857143
6/6/2016,25.68571429,32.37142857
6/13/2016,25.14285714,31.6
6/20/2016,24.61428571,30.38571429
6/27/2016,24.47142857,30.24285714
7/4/2016,25.1,30.12857143
7/11/2016,24.78571429,30.82857143
7/18/2016,24.84285714,30.94285714
7/25/2016,24.51428571,30.34285714
8/1/2016,24.52857143,29.88571429
8/8/2016,25.3,30.62857143
8/15/2016,25.57142857,31.14285714
8/22/2016,25.04285714,31.3
8/29/2016,24.94285714,31.9
9/5/2016,24.61428571,30.64285714
9/12/2016,24.25714286,29.72857143
9/19/2016,24.31428571,30.54285714
9/26/2016,24.45714286,30.05714286
10/3/2016,24.24285714,30.08571429
10/10/2016,24.31428571,29.52857143
10/17/2016,24.18571429,29.27142857
10/24/2016,23.94285714,29.28571429
10/31/2016,23.98571429,28.84285714
11/7/2016,24,30.04285714
11/14/2016,24.17142857,30.62857143
11/21/2016,24.48571429,30.45714286
11/28/2016,23.92857143,30.24285714
12/5/2016,23.72857143,28.35714286
12/12/2016,23.21428571,27.57142857
12/19/2016,23.42857143,29.55714286
12/26/2016,22.81428571,29.24285714
1/2/2017,23.85714286,31.04285714
1/9/2017,24.11428571,31
1/16/2017,23.44285714,29.85714286
1/23/2017,22.54285714,29.68571429
1/30/2017,23.18571429,29.82857143
2/6/2017,22.37142857,30.65714286
2/13/2017,22,31.8
2/20/2017,24.51428571,32.75714286
2/27/2017,24.01428571,33.27142857
3/6/2017,23.32857143,33.9
3/13/2017,24.78571429,33.95714286
3/20/2017,25.25714286,33.68571429
3/27/2017,25.47142857,34.1
4/3/2017,24.92857143,31.85714286
4/10/2017,25.31428571,33.94285714
4/17/2017,26.41428571,35.2
4/24/2017,25.87142857,32.14285714
5/1/2017,26.24285714,32.44285714
5/8/2017,25.64285714,32
5/15/2017,25.65714286,31.65714286
5/22/2017,25.8,31.64285714
5/29/2017,25.71428571,31.34285714
6/5/2017,25.37142857,30.94285714
6/12/2017,25.41428571,31.44285714
6/19/2017,25.15714286,30.4
6/26/2017,24.84285714,31.1
7/3/2017,25.18571429,31.14285714
7/10/2017,24.78571429,30
7/17/2017,24.35714286,29.48571429
7/24/2017,24.85714286,29.95714286
7/31/2017,25.07142857,30.12857143
8/7/2017,24.87142857,31.28571429
8/14/2017,24.31428571,29.68571429
8/21/2017,24.4,29.12857143
8/28/2017,24.81428571,31.54285714
9/4/2017,25.45714286,31.52857143
9/11/2017,25.08571429,30.64285714
9/18/2017,24.68571429,29.31428571
9/25/2017,24.47142857,30.47142857
10/2/2017,24.54285714,30.04285714
10/9/2017,24.8,30.24285714
10/16/2017,24.34285714,29.94285714
10/23/2017,24.07142857,29.7
10/30/2017,23.25714286,29.18571429
11/6/2017,24.42857143,30.31428571
11/13/2017,24.47142857,30.28571429
11/20/2017,24.12857143,30.97142857
11/27/2017,24.12857143,30.5
12/4/2017,23.34285714,29.55714286
12/11/2017,23.18571429,29.7
12/18/2017,21.07142857,28.61428571
12/25/2017,22.7,29.85714286
1/1/2018,23.27142857,30.9
1/8/2018,22.97142857,31.24285714
1/15/2018,23.68571429,30.34285714
1/22/2018,23.97142857,29.95714286
1/29/2018,22.92857143,30.5
2/5/2018,20.32857143,29.95714286
2/12/2018,22.81428571,33.07142857
2/19/2018,24.18571429,35.02857143
2/26/2018,24.75714286,33.75714286
3/5/2018,24.7,35.14285714
3/12/2018,24.67142857,33.91428571
3/19/2018,24.8,34.27142857
3/26/2018,24.67142857,33.41428571
4/2/2018,25.1,33.12857143
4/9/2018,25.91428571,35.91428571
4/16/2018,26.35714286,35.18571429
4/23/2018,26.51428571,34.71428571
4/30/2018,25.68571429,32.45714286
5/7/2018,25.75714286,32.12857143
5/14/2018,26.01428571,32.2
5/21/2018,26.08571429,31.74285714
5/28/2018,25.17142857,30.35714286
6/4/2018,25.21428571,31.11428571
6/11/2018,25.44285714,30.6
6/18/2018,25.1,30.97142857
6/25/2018,24.71428571,30.9
7/2/2018,24.54285714,30.5
7/9/2018,24.71428571,29.47142857
7/16/2018,25.14285714,29.42857143
7/23/2018,25.27142857,30.25714286
7/30/2018,24.84285714,30.98571429
8/6/2018,24.48571429,29.32857143
8/13/2018,24.78571429,29.47142857
8/20/2018,24.67142857,30.94285714
8/27/2018,24.57142857,30.7
9/3/2018,24.24285714,29.91428571
9/10/2018,24.48571429,29.71428571
9/17/2018,23.94285714,29.78571429
9/24/2018,24.92857143,30.77142857
10/1/2018,24.27142857,29.35714286
10/8/2018,24.47142857,31.21428571
10/15/2018,24.52857143,30.01428571
10/22/2018,24.41428571,31.1
10/29/2018,23.25714286,30.78571429
11/5/2018,24.61428571,31.82857143
11/12/2018,24.55714286,31.08571429
11/19/2018,23.8,29.75714286
11/26/2018,23.68571429,30.44285714
12/3/2018,24.31428571,31.72857143
12/10/2018,24.11428571,31.54285714
12/17/2018,24.32857143,31.28571429
12/24/2018,23.65714286,28.71428571
12/31/2018,22.95714286,29.85714286
1/7/2019,22.51428571,31.02857143
1/14/2019,23.4,32.3
1/21/2019,22.17142857,32.41428571
1/28/2019,23.52857143,33.57142857
2/4/2019,23.71428571,33.57142857
2/11/2019,23.57142857,34.94285714
2/18/2019,23.98571429,33.72857143
2/25/2019,23.62857143,34.02857143
3/4/2019,23.58571429,33.7
3/11/2019,25.34285714,34.71428571
3/18/2019,25.77142857,34.65714286
3/25/2019,25.88571429,34.98571429
4/1/2019,25.31428571,33.77142857
4/8/2019,26.68571429,35.35714286
4/15/2019,26.9,34.9
4/22/2019,27.18571429,35.65714286
4/29/2019,26.5,34.52857143
5/6/2019,26.45714286,32.65714286
5/13/2019,25.87142857,32.74285714
5/20/2019,25.92857143,32.32857143
5/27/2019,25.91428571,32.02857143
6/3/2019,25.51428571,30.94285714
6/10/2019,25.84285714,31.65714286
6/17/2019,25.61428571,30.52857143
6/24/2019,25.47142857,30.61428571
7/1/2019,25.01428571,30.35714286
7/8/2019,24.98571429,31.94285714
7/15/2019,25.05714286,30.55714286
7/22/2019,24.77142857,30.97142857
7/29/2019,25.3,30.04285714
8/5/2019,24.91428571,29.47142857
8/12/2019,24.92857143,31.28571429
8/19/2019,25.05714286,31.02857143
8/26/2019,24.52857143,30.55714286
9/2/2019,25.01428571,29.8
9/9/2019,24.61428571,30.12857143
9/16/2019,24.41428571,29.02857143
9/23/2019,24.57142857,31.35714286
9/30/2019,24.22857143,30.41428571
10/7/2019,24.61428571,30.72857143
10/14/2019,24.74285714,31.17142857
10/21/2019,25.08571429,31.51428571
10/28/2019,24.7,30.77142857
11/4/2019,23.6,29.62857143
11/11/2019,23.1,29.38571429
11/18/2019,23.6,30.81428571
11/25/2019,24.14285714,32.51428571
12/2/2019,21.54285714,30.35714286
12/9/2019,21.9,31.67142857
12/16/2019,23.4,32.52857143
12/23/2019,22.44285714,32.24285714
12/30/2019,23.15714286,33.17142857
1/6/2020,24.24285714,33.25714286
1/13/2020,22.85714286,32.71428571
1/20/2020,23.41428571,34.08571429
1/27/2020,22.65714286,32.22857143
2/3/2020,22.18571429,32.91428571
2/10/2020,23.77142857,33.65714286
2/17/2020,23.38571429,34.08571429
2/24/2020,23.9,35.04285714
3/2/2020,24.71428571,34.57142857
3/9/2020,25.18571429,35.02857143
3/16/2020,24.94285714,35.67142857
3/23/2020,25.27142857,34.91428571
3/30/2020,25.95714286,36.17142857
4/6/2020,25.77142857,32.6
4/13/2020,25.28571429,32.71428571
4/20/2020,25.95714286,35
4/27/2020,26.05714286,34.95714286
5/4/2020,27.45714286,35.42857143
5/11/2020,27.51428571,34.98571429
5/18/2020,26.77142857,33.01428571
5/25/2020,26.22857143,32.45714286
6/1/2020,25.42857143,32.05714286
6/8/2020,25.42857143,30.81428571
6/15/2020,25.3,31.15714286
6/22/2020,25.07142857,31.1
6/29/2020,24.64285714,29.98571429
7/6/2020,24.98571429,30.71428571
7/13/2020,25.15714286,30.58571429
7/20/2020,25.34285714,30.75714286
7/27/2020,25.04285714,30.2
8/3/2020,24.64285714,29.77142857
8/10/2020,24.58571429,30.68571429
8/17/2020,25.04285714,31.42857143
8/24/2020,25.4,32.72857143
8/31/2020,25.32857143,31.8
9/7/2020,25.24285714,31.4
9/14/2020,24.5,29.74285714
9/21/2020,24.77142857,30.7
9/28/2020,24.51428571,30.1
10/5/2020,24.22857143,28.52857143
10/12/2020,24.02857143,27.64285714
10/19/2020,24.2,29.55714286
10/26/2020,24.21428571,30.25714286
11/2/2020,24.14285714,30
11/9/2020,23.27142857,30.04285714
11/16/2020,24.45714286,31.47142857
11/23/2020,23.82857143,30.88571429
11/30/2020,22.65714286,30.41428571
12/7/2020,23.82857143,30.27142857
12/14/2020,23.67142857,31.12857143
12/21/2020,23.08571429,31.6
12/28/2020,23.11428571,31.8
1/4/2021,23.41428571,33.02857143
1/11/2021,21.21428571,32.31428571
1/18/2021,22.28571429,31.07142857
1/25/2021,22.2,31.78571429
2/1/2021,22.87142857,32.61428571
2/8/2021,23.05714286,30.74285714
2/15/2021,21.07142857,31.8
2/22/2021,22.78571429,32.85714286
3/1/2021,23.75714286,35.35714286
3/8/2021,24.32857143,34.85714286
3/15/2021,24.51428571,33.95714286
3/22/2021,25.32857143,35.07142857
3/29/2021,25.47142857,33.48571429
4/5/2021,25.04285714,33.62857143
4/12/2021,24.98571429,32.05714286
4/19/2021,25.17142857,31.22857143
4/26/2021,25.47142857,31.58571429
5/3/2021,25.81428571,33.18571429
5/10/2021,26.32857143,32.75714286
5/17/2021,25.57142857,31.4
5/24/2021,25.25714286,30.18571429
5/31/2021,26,32.55714286
6/7/2021,25.2,30.41428571
6/14/2021,25.15714286,31.74285714
6/21/2021,24.88571429,31.54285714
6/28/2021,25.47142857,32.42857143
7/5/2021,24.8,29.35714286
7/12/2021,24.78571429,30.58571429
7/19/2021,25.48571429,30.14285714
7/26/2021,25.22857143,30.87142857
8/2/2021,25.62857143,31.52857143
8/9/2021,25.24285714,30.32857143
8/16/2021,24.52857143,31.3
8/23/2021,24.35714286,29.81428571
8/30/2021,24.32857143,29.92857143
9/6/2021,24.61428571,30.57142857
9/13/2021,24.42857143,29.81428571
9/20/2021,24.22857143,30.22857143
9/27/2021,24.87142857,30.41428571
10/4/2021,24.77142857,29.68571429
10/11/2021,24.52857143,29.48571429
10/18/2021,24.11428571,30.07142857
10/25/2021,24.12857143,30.6
11/1/2021,24.22857143,31.01428571
11/8/2021,24.15714286,29.74285714
11/15/2021,23.94285714,30
11/22/2021,23.65714286,29.62857143
11/29/2021,21.7,28.4
12/6/2021,21.47142857,29.74285714
12/13/2021,23.34285714,30.74285714
12/20/2021,22.68571429,31.14285714
12/27/2021,23.02857143,31.65714286
1/3/2022,23.84285714,32.28571429
1/10/2022,22.35714286,32.41428571
1/17/2022,22.98571429,32.75714286
1/24/2022,23.55714286,33.31428571
1/31/2022,23.85714286,34.92857143
2/7/2022,24.74285714,34.78571429
2/14/2022,24.58571429,33.71428571
2/21/2022,23.45714286,33.28571429
2/28/2022,24.68571429,34.78571429
3/7/2022,24.08571429,34.32857143
3/14/2022,25.21428571,34.38571429
3/21/2022,25.04285714,33.17142857
3/28/2022,24,31.98571429
4/4/2022,23.6,31.44285714
4/11/2022,24.77142857,31.41428571
4/18/2022,25.45714286,33.5
4/25/2022,25.5,31.94285714
5/2/2022,24.9,30.98571429
5/9/2022,25.62857143,32.22857143
5/16/2022,24.78571429,30.94285714
5/23/2022,24.95714286,30.9
5/30/2022,24.3,31.08571429
6/6/2022,24.71428571,32.28571429
6/13/2022,25.24285714,31.92857143
6/20/2022,24.71428571,31.27142857
6/27/2022,25.04285714,31.07142857
7/4/2022,24.92857143,30.74285714
7/11/2022,24.32857143,30.25714286
7/18/2022,24.74285714,31.02857143
7/25/2022,24.98571429,31.51428571
8/1/2022,24.62857143,30.4
8/8/2022,24.3,30.52857143
8/15/2022,24.75714286,30.74285714
8/22/2022,24.32857143,30.85714286
8/29/2022,24.44285714,31.5
9/5/2022,24.3,30.37142857
9/12/2022,24.24285714,30.7
9/19/2022,24.18571429,30.5
9/26/2022,24.1,29.25714286
10/3/2022,23.8,29.52857143
10/10/2022,23.18571429,30.35714286
10/17/2022,23.95714286,30.24285714
10/24/2022,24,30.44285714
10/31/2022,23.4,30.14285714
11/7/2022,24.24285714,31.08571429
11/14/2022,23.97142857,29.74285714
11/21/2022,23.88571429,29.05714286
11/28/2022,23.91428571,30.78571429
12/5/2022,23.65714286,30.44285714
12/12/2022,22.22857143,30.17142857
12/19/2022,20.62857143,30.34285714
12/26/2022,21.22857143,30.18571429
1/2/2023,22.12857143,28.98571429
1/9/2023,23.08571429,29
1/16/2023,22.22857143,30.61428571
1/23/2023,22.7,31.65714286
1/30/2023,22.75714286,32.75714286
2/6/2023,23.25714286,34.34285714
2/13/2023,23.31428571,32.9
2/20/2023,22.71428571,32.77142857
2/27/2023,23.1,33.21428571
3/6/2023,21.94285714,33.35714286
3/13/2023,23.05714286,34.98571429
3/20/2023,24.38571429,34.65714286
3/27/2023,24.95714286,34.62857143
4/3/2023,25.58571429,34.65714286
4/10/2023,25.75714286,33.45714286
4/17/2023,26.22857143,34.5
4/24/2023,26.64285714,36.31428571
5/1/2023,27.3,36.77142857
5/8/2023,26.14285714,32.42857143
5/15/2023,26.45714286,33.41428571
5/22/2023,25.15714286,31.51428571
5/29/2023,25.6,31.41428571
6/5/2023,25.35714286,30.67142857
6/12/2023,25.27142857,31.6
6/19/2023,25.4,31.95714286
6/26/2023,25.31428571,31.47142857
7/3/2023,24.94285714,31.21428571
7/10/2023,25.15714286,31.28571429
7/17/2023,24.82857143,29.57142857
7/24/2023,25,30.35714286
7/31/2023,25.12857143,31.44285714
8/7/2023,25.42857143,31.51428571
8/14/2023,25.01428571,31.05714286
8/21/2023,25.04285714,32.04285714
8/28/2023,25,30.47142857
9/4/2023,24.75714286,30.7
9/11/2023,24.61428571,30.71428571
9/18/2023,24.57142857,30.82857143
9/25/2023,24.32857143,30.28571429
10/2/2023,24.61428571,30.92857143
10/9/2023,24.27142857,30.91428571
10/16/2023,24.54285714,30.98571429
10/23/2023,24.44285714,30.84285714
10/30/2023,24.55714286,31.42857143
11/6/2023,24.57142857,31.08571429
11/13/2023,23.68571429,30.8
11/20/2023,23.41428571,30.04285714
11/27/2023,23.78571429,30.94285714
12/4/2023,24.17142857,31.37142857
12/11/2023,23.85714286,33.41428571
12/18/2023,24.04285714,32.67142857
12/25/2023,23.6,32.45714286
1/1/2024,24.04285714,32.8
1/8/2024,23.3,32.04285714
1/15/2024,23.4,32.42857143
1/22/2024,23.38571429,32.9
1/29/2024,23.4,33.3
2/5/2024,23.95714286,32.98571429
2/12/2024,23.72857143,35.11428571
2/19/2024,24.28571429,34.71428571
2/26/2024,24.65714286,35.6
3/4/2024,25.18571429,35.7
3/11/2024,24.77142857,36.18571429
3/18/2024,24.84285714,35.74285714
3/25/2024,25.98571429,36.15714286
4/1/2024,26.71428571,35.65714286
4/8/2024,26.55714286,37.41428571
4/15/2024,26.72857143,36.21428571
4/22/2024,27.5,36.95714286
4/29/2024,28.14285714,36.88571429
5/6/2024,27.4,35.05714286
5/13/2024,26.67142857,34.22857143
5/20/2024,26.48571429,32.82857143
5/27/2024,26.34285714,32.85714286
6/3/2024,26.9,33.4
6/10/2024,25.97142857,32.84285714
6/17/2024,25.54285714,31.55714286
6/24/2024,25.28571429,31.41428571
7/1/2024,24.95714286,31.25714286
7/8/2024,25.08571429,30.68571429
7/15/2024,24.58571429,29.95714286
7/22/2024,25.04285714,30.4
7/29/2024,24.97142857,31.61428571
8/5/2024,25,31.82857143
8/12/2024,25.52857143,32.31428571
8/19/2024,25.25714286,32.3
8/26/2024,24.78571429,30.35714286
9/2/2024,25.14285714,30.41428571
9/9/2024,25.22857143,31.1
9/16/2024,24.7,29.28571429
9/23/2024,24.85714286,31.25714286
9/30/2024,24.85714286,31.35714286
10/7/2024,24.87142857,30.95714286
10/14/2024,24.67142857,30.27142857
10/21/2024,24.04285714,30.35714286
10/28/2024,23.77142857,30.12857143
11/4/2024,23.98571429,30.92857143
11/11/2024,24.64285714,31.84285714
11/18/2024,24.4,33.02857143
11/25/2024,24.38571429,32.87142857
12/2/2024,24.37142857,30.81428571
12/9/2024,24.02857143,29.67142857
12/16/2024,21.58571429,29.07142857
12/23/2024,22.85714286,30.74285714
12/30/2024,22.4,30.17142857
